punto,calle,acera,fecha,hora_objetivo,hora_foto,prediccion_app,observado,cielo,foto,observador,notas
1,Calle 13C entre Cra. 6 y Cra. 5,norte,,10:00,,,,,,,
1,Calle 13C entre Cra. 6 y Cra. 5,norte,,12:00,,,,,,,
1,Calle 13C entre Cra. 6 y Cra. 5,norte,,14:00,,,,,,,
1,Calle 13C entre Cra. 6 y Cra. 5,norte,,16:00,,,,,,,
2,Calle 16A entre Cra. 6 y Cra. 5,norte,,10:00,,,,,,,
2,Calle 16A entre Cra. 6 y Cra. 5,norte,,12:00,,,,,,,
2,Calle 16A entre Cra. 6 y Cra. 5,norte,,14:00,,,,,,,
2,Calle 16A entre Cra. 6 y Cra. 5,norte,,16:00,,,,,,,
3,Carrera 5 entre Calle 16 y Calle 16A,occidental,,10:00,,,,,,,
3,Carrera 5 entre Calle 16 y Calle 16A,occidental,,12:00,,,,,,,
3,Carrera 5 entre Calle 16 y Calle 16A,occidental,,14:00,,,,,,,
3,Carrera 5 entre Calle 16 y Calle 16A,occidental,,16:00,,,,,,,
4,Carrera 7 entre Calle 16 y Calle 16A,oriental,,10:00,,,,,,,
4,Carrera 7 entre Calle 16 y Calle 16A,oriental,,12:00,,,,,,,
4,Carrera 7 entre Calle 16 y Calle 16A,oriental,,14:00,,,,,,,
4,Carrera 7 entre Calle 16 y Calle 16A,oriental,,16:00,,,,,,,
5,Carrera 6 entre Calle 16 y Calle 16A,oriental,,10:00,,,,,,,
5,Carrera 6 entre Calle 16 y Calle 16A,oriental,,12:00,,,,,,,
5,Carrera 6 entre Calle 16 y Calle 16A,oriental,,14:00,,,,,,,
5,Carrera 6 entre Calle 16 y Calle 16A,oriental,,16:00,,,,,,,
6,Calle 16A entre Cra. 5 y Cra. 4,sur,,10:00,,,,,,,
6,Calle 16A entre Cra. 5 y Cra. 4,sur,,12:00,,,,,,,
6,Calle 16A entre Cra. 5 y Cra. 4,sur,,14:00,,,,,,,
6,Calle 16A entre Cra. 5 y Cra. 4,sur,,16:00,,,,,,,
7,Calle 16 entre Cra. 7 y Cra. 6,norte,,10:00,,,,,,,
7,Calle 16 entre Cra. 7 y Cra. 6,norte,,12:00,,,,,,,
7,Calle 16 entre Cra. 7 y Cra. 6,norte,,14:00,,,,,,,
7,Calle 16 entre Cra. 7 y Cra. 6,norte,,16:00,,,,,,,
8,Carrera 6 entre Calle 13C y Calle 14,occidental,,10:00,,,,,,,
8,Carrera 6 entre Calle 13C y Calle 14,occidental,,12:00,,,,,,,
8,Carrera 6 entre Calle 13C y Calle 14,occidental,,14:00,,,,,,,
8,Carrera 6 entre Calle 13C y Calle 14,occidental,,16:00,,,,,,,
9,Calle 16 entre Cra. 6 y Cra. 5,norte,,10:00,,,,,,,
9,Calle 16 entre Cra. 6 y Cra. 5,norte,,12:00,,,,,,,
9,Calle 16 entre Cra. 6 y Cra. 5,norte,,14:00,,,,,,,
9,Calle 16 entre Cra. 6 y Cra. 5,norte,,16:00,,,,,,,
10,Calle 16 entre Cra. 6 y Cra. 5,sur,,10:00,,,,,,,
10,Calle 16 entre Cra. 6 y Cra. 5,sur,,12:00,,,,,,,
10,Calle 16 entre Cra. 6 y Cra. 5,sur,,14:00,,,,,,,
10,Calle 16 entre Cra. 6 y Cra. 5,sur,,16:00,,,,,,,
